[
  {
    "id": "f30a64db-9d72-473e-8ac6-57a1630b103c",
    "data": [
      {
        "text": "sir i am in ajmer now",
        "userDefined": false
      }
    ],
    "isTemplate": false,
    "count": 0,
    "updated": 1525595817
  },
  {
    "id": "e07f10be-0690-4045-8445-9a8d8ffe1152",
    "data": [
      {
        "text": "ajmer",
        "userDefined": false
      }
    ],
    "isTemplate": false,
    "count": 0,
    "updated": 1525595817
  },
  {
    "id": "37b240c2-f83b-495f-8894-9202c01bdd27",
    "data": [
      {
        "text": "district ajmer",
        "userDefined": false
      }
    ],
    "isTemplate": false,
    "count": 0,
    "updated": 1525595817
  },
  {
    "id": "de18f8c9-52ff-4ea1-b4f6-7e05e4bed4d6",
    "data": [
      {
        "text": "sir i am in ajmer district",
        "userDefined": false
      }
    ],
    "isTemplate": false,
    "count": 0,
    "updated": 1525595817
  },
  {
    "id": "04c68b9b-c5dd-4d70-888b-9c237c4beea4",
    "data": [
      {
        "text": "sir ajmer",
        "userDefined": false
      }
    ],
    "isTemplate": false,
    "count": 0,
    "updated": 1525595817
  }
]