[
  {
    "id": "92035714-a111-46db-9e74-7c77f346f405",
    "data": [
      {
        "text": "alwar district",
        "userDefined": false
      }
    ],
    "isTemplate": false,
    "count": 0,
    "updated": 1527785096
  },
  {
    "id": "f72510d2-c68d-4c47-8f80-9587a65ee0f1",
    "data": [
      {
        "text": "district alwar",
        "userDefined": false
      }
    ],
    "isTemplate": false,
    "count": 0,
    "updated": 1527785096
  },
  {
    "id": "612e943d-0676-413d-bb71-d6bae6bbf16a",
    "data": [
      {
        "text": "alwar",
        "userDefined": false
      }
    ],
    "isTemplate": false,
    "count": 0,
    "updated": 1527785096
  },
  {
    "id": "1f8a074d-67c5-4663-b058-9bb65a27301a",
    "data": [
      {
        "text": "sir i am in alwar district",
        "userDefined": false
      }
    ],
    "isTemplate": false,
    "count": 0,
    "updated": 1527785096
  }
]