[
  {
    "id": "7f9ae65e-4872-4130-a43e-3143f2495df4",
    "data": [
      {
        "text": "banswara",
        "userDefined": false
      }
    ],
    "isTemplate": false,
    "count": 0,
    "updated": 1527099710
  },
  {
    "id": "2bf55782-522f-4166-b0cf-deb3c8e313dd",
    "data": [
      {
        "text": "district banswar",
        "userDefined": false
      }
    ],
    "isTemplate": false,
    "count": 0,
    "updated": 1527099710
  },
  {
    "id": "81a08e52-d195-46c7-878b-559f48f04a5a",
    "data": [
      {
        "text": "i am in banswara",
        "userDefined": false
      }
    ],
    "isTemplate": false,
    "count": 0,
    "updated": 1527099710
  },
  {
    "id": "52950f08-7d28-4f93-8b1d-ca40408a644a",
    "data": [
      {
        "text": "banswara district",
        "userDefined": false
      }
    ],
    "isTemplate": false,
    "count": 0,
    "updated": 1527099710
  }
]