[
  {
    "id": "410e3a31-c2ad-410a-942d-8515f5c77a9a",
    "data": [
      {
        "text": "i am in baran",
        "userDefined": false
      }
    ],
    "isTemplate": false,
    "count": 0,
    "updated": 1527099667
  },
  {
    "id": "51a57e4d-a8cf-4ba9-9994-28a8179005bd",
    "data": [
      {
        "text": "baran district",
        "userDefined": false
      }
    ],
    "isTemplate": false,
    "count": 0,
    "updated": 1527099667
  },
  {
    "id": "53544424-80ac-4b6c-86e2-2e964cd004df",
    "data": [
      {
        "text": "district baran",
        "userDefined": false
      }
    ],
    "isTemplate": false,
    "count": 0,
    "updated": 1527099667
  },
  {
    "id": "dc12a14e-6be6-4865-9276-edd2728f2081",
    "data": [
      {
        "text": "baran",
        "userDefined": false
      }
    ],
    "isTemplate": false,
    "count": 0,
    "updated": 1527099667
  }
]