[
  {
    "id": "f05800df-9356-4142-a731-ebd64458f4f6",
    "data": [
      {
        "text": "barmer district",
        "userDefined": false
      }
    ],
    "isTemplate": false,
    "count": 0,
    "updated": 1525608063
  },
  {
    "id": "4ff19037-1006-466c-b25e-9343e583c594",
    "data": [
      {
        "text": "i am in barmer",
        "userDefined": false
      }
    ],
    "isTemplate": false,
    "count": 0,
    "updated": 1525608063
  },
  {
    "id": "475f69e5-899e-424e-b4bd-320c90c08d1d",
    "data": [
      {
        "text": "district barmer",
        "userDefined": false
      }
    ],
    "isTemplate": false,
    "count": 0,
    "updated": 1525608063
  },
  {
    "id": "8cf7554f-d51b-44a9-b1e7-a2f95507a17e",
    "data": [
      {
        "text": "barmerdi",
        "userDefined": false
      }
    ],
    "isTemplate": false,
    "count": 0,
    "updated": 1525608063
  }
]