[
  {
    "id": "d85c1de3-8816-4771-ae15-396c33b479a0",
    "data": [
      {
        "text": "sir i am in bharatpur",
        "userDefined": false
      }
    ],
    "isTemplate": false,
    "count": 0,
    "updated": 1527785221
  },
  {
    "id": "eedba17e-1619-48f2-802f-7de7bcf600ac",
    "data": [
      {
        "text": "bharatpur district",
        "userDefined": false
      }
    ],
    "isTemplate": false,
    "count": 0,
    "updated": 1527785221
  },
  {
    "id": "f029de9b-4185-4477-afc1-af0c2842b16c",
    "data": [
      {
        "text": "bharatpur",
        "userDefined": false
      }
    ],
    "isTemplate": false,
    "count": 0,
    "updated": 1527785221
  },
  {
    "id": "6add8c65-a5a0-4eb3-a650-70e3ce2ca8c5",
    "data": [
      {
        "text": "district bharatpur",
        "userDefined": false
      }
    ],
    "isTemplate": false,
    "count": 0,
    "updated": 1527785221
  }
]