[
  {
    "id": "1c1cbc2f-8079-4f62-8228-42348b74c228",
    "data": [
      {
        "text": "sir i am in bhilwara",
        "userDefined": false
      }
    ],
    "isTemplate": false,
    "count": 0,
    "updated": 1527164776
  },
  {
    "id": "b38c47e3-fb1b-484a-983b-7419d34f6691",
    "data": [
      {
        "text": "bhilwara district",
        "userDefined": false
      }
    ],
    "isTemplate": false,
    "count": 0,
    "updated": 1527164776
  },
  {
    "id": "d71b00f5-819b-45f9-8465-c9829a347feb",
    "data": [
      {
        "text": "district bhilwara",
        "userDefined": false
      }
    ],
    "isTemplate": false,
    "count": 0,
    "updated": 1527164776
  },
  {
    "id": "e4245f26-6e29-4c6b-8103-616402664318",
    "data": [
      {
        "text": "bhilwara",
        "userDefined": false
      }
    ],
    "isTemplate": false,
    "count": 0,
    "updated": 1527164776
  }
]