[
  {
    "id": "7207d1ee-1abb-4463-a8b4-194edc9abe56",
    "data": [
      {
        "text": "bikaner district",
        "userDefined": false
      }
    ],
    "isTemplate": false,
    "count": 0,
    "updated": 1525603746
  },
  {
    "id": "adf7156e-1dc5-4070-b7d3-16da141d9bc9",
    "data": [
      {
        "text": "district bikaner",
        "userDefined": false
      }
    ],
    "isTemplate": false,
    "count": 0,
    "updated": 1525603746
  },
  {
    "id": "be656257-524b-48c0-b573-856ee89e4d19",
    "data": [
      {
        "text": "i am in bikaner",
        "userDefined": false
      }
    ],
    "isTemplate": false,
    "count": 0,
    "updated": 1525603746
  }
]