[
  {
    "id": "a8003f74-ebce-4793-8ba9-cb10c882d05c",
    "data": [
      {
        "text": "i am inn bundi district",
        "userDefined": false
      }
    ],
    "isTemplate": false,
    "count": 0,
    "updated": 1525610466
  },
  {
    "id": "58244c38-993e-414c-bb45-13d88a6a2527",
    "data": [
      {
        "text": "bunndi district",
        "userDefined": false
      }
    ],
    "isTemplate": false,
    "count": 0,
    "updated": 1525610466
  },
  {
    "id": "34d6e277-8215-4b08-b38a-4ab7c5a81721",
    "data": [
      {
        "text": "i am in bundi",
        "userDefined": false
      }
    ],
    "isTemplate": false,
    "count": 0,
    "updated": 1525610466
  },
  {
    "id": "4ea375c4-270c-4dec-9a10-90dbbe77e4e9",
    "data": [
      {
        "text": "bundi",
        "userDefined": false
      }
    ],
    "isTemplate": false,
    "count": 0,
    "updated": 1525610466
  },
  {
    "id": "c805ea21-9c4a-4de0-8661-b6635e23126b",
    "data": [
      {
        "text": "district bundi",
        "userDefined": false
      }
    ],
    "isTemplate": false,
    "count": 0,
    "updated": 1525610466
  }
]