[
  {
    "id": "e8f212f2-85e7-46b7-ae99-7013e83859dc",
    "data": [
      {
        "text": "Chittorgarh Police",
        "userDefined": false
      }
    ],
    "isTemplate": false,
    "count": 0,
    "updated": 1526971260
  },
  {
    "id": "839bf1be-0613-4bd6-9c4b-43be02e27da9",
    "data": [
      {
        "text": "i am in Chittorgarh",
        "userDefined": false
      }
    ],
    "isTemplate": false,
    "count": 0,
    "updated": 1526971260
  },
  {
    "id": "270537b3-207c-4ff2-ae83-d9e408873dd0",
    "data": [
      {
        "text": "i am at Chittorgarh Police",
        "userDefined": false
      }
    ],
    "isTemplate": false,
    "count": 0,
    "updated": 1526971260
  },
  {
    "id": "13ba9fbf-6865-4223-887f-c5a1281dd1cb",
    "data": [
      {
        "text": "Chittorgarh",
        "userDefined": false
      }
    ],
    "isTemplate": false,
    "count": 0,
    "updated": 1526971260
  }
]