[
  {
    "id": "bea6fcc5-42ee-4a82-9a2e-dd210e3c04bb",
    "data": [
      {
        "text": "i am in churu",
        "userDefined": false
      }
    ],
    "isTemplate": false,
    "count": 0,
    "updated": 1525603824
  },
  {
    "id": "d078be2b-96c3-4dee-ad7b-af6de108d0f7",
    "data": [
      {
        "text": "churu district",
        "userDefined": false
      }
    ],
    "isTemplate": false,
    "count": 0,
    "updated": 1525603824
  },
  {
    "id": "1a10a29e-85af-4dc4-ac8e-87c98c8e7a8a",
    "data": [
      {
        "text": "churu",
        "userDefined": false
      }
    ],
    "isTemplate": false,
    "count": 0,
    "updated": 1525603824
  },
  {
    "id": "ae4881c4-8592-4326-9548-c443c13dfb5c",
    "data": [
      {
        "text": "district churu",
        "userDefined": false
      }
    ],
    "isTemplate": false,
    "count": 0,
    "updated": 1525603824
  }
]