[
  {
    "id": "418071c4-eada-4f14-834f-c965a66943e3",
    "data": [
      {
        "text": "सिपाही",
        "userDefined": false
      }
    ],
    "isTemplate": false,
    "count": 0,
    "updated": 1527830017
  },
  {
    "id": "c9a7af63-a211-4eab-86d0-87ba768a6404",
    "data": [
      {
        "text": "CONSTABLE",
        "userDefined": false
      }
    ],
    "isTemplate": false,
    "count": 0,
    "updated": 1527830017
  },
  {
    "id": "4bd94c34-f434-4774-961a-2c56617da0e6",
    "data": [
      {
        "text": "constabe kaise bane",
        "userDefined": false
      }
    ],
    "isTemplate": false,
    "count": 0,
    "updated": 1527830017
  },
  {
    "id": "65ec0e32-cbe9-415b-a1f1-9fb4ba649bf9",
    "data": [
      {
        "text": "rajasthan police mai constable kaise bane",
        "userDefined": false
      }
    ],
    "isTemplate": false,
    "count": 1,
    "updated": 1527830017
  },
  {
    "id": "83618c69-daa6-4011-8d9c-9fabcf9ee615",
    "data": [
      {
        "text": "HOW TO BECOME CONSTABLE IN RAJASTHAN POLICE",
        "userDefined": false
      }
    ],
    "isTemplate": false,
    "count": 0,
    "updated": 1527165014
  },
  {
    "id": "7c0b9fd3-580a-47ed-ac30-d449149c44c7",
    "data": [
      {
        "text": "rajasthan police mai canstable kaise bane",
        "userDefined": false
      }
    ],
    "isTemplate": false,
    "count": 0,
    "updated": 1527830017
  },
  {
    "id": "29934a1d-c156-4bf1-af35-4658c4e58a6b",
    "data": [
      {
        "text": "CONSTABLE IN RAJASTHAN POLICE",
        "userDefined": false
      }
    ],
    "isTemplate": false,
    "count": 0,
    "updated": 1527830017
  }
]