[
  {
    "id": "bcb99c87-cda6-4874-a9a0-bdd0ae8b1e94",
    "data": [
      {
        "text": "dausa district",
        "userDefined": false
      }
    ],
    "isTemplate": false,
    "count": 0,
    "updated": 1525606299
  },
  {
    "id": "9be8de1b-f168-455f-8163-b7404eef671a",
    "data": [
      {
        "text": "dausa",
        "userDefined": false
      }
    ],
    "isTemplate": false,
    "count": 0,
    "updated": 1525606299
  },
  {
    "id": "42bcdd98-7221-40f4-b9d4-531e69dbc833",
    "data": [
      {
        "text": "sir i am in dausa",
        "userDefined": false
      }
    ],
    "isTemplate": false,
    "count": 0,
    "updated": 1525606299
  },
  {
    "id": "bb094d5f-d5f0-470a-97b6-76a6c6b4aa73",
    "data": [
      {
        "text": "i am in dausa",
        "userDefined": false
      }
    ],
    "isTemplate": false,
    "count": 0,
    "updated": 1525606299
  },
  {
    "id": "985cf450-ffff-4576-a535-13dc88be7e5b",
    "data": [
      {
        "text": "district dausa",
        "userDefined": false
      }
    ],
    "isTemplate": false,
    "count": 0,
    "updated": 1525606299
  }
]