[
  {
    "id": "f1c72aa2-9cee-436e-98ba-d5de22710947",
    "data": [
      {
        "text": "पदों के बारे में विस्तार",
        "userDefined": false
      }
    ],
    "isTemplate": false,
    "count": 0,
    "updated": 1527830044
  },
  {
    "id": "9c5db21a-1f23-4909-aa4a-a78238a8643d",
    "data": [
      {
        "text": "detail about post",
        "userDefined": false
      }
    ],
    "isTemplate": false,
    "count": 0,
    "updated": 1527830044
  },
  {
    "id": "83baa12a-7cdd-4e17-b5fa-23eba15b27c9",
    "data": [
      {
        "text": "post details for recruitment",
        "userDefined": false
      }
    ],
    "isTemplate": false,
    "count": 0,
    "updated": 1527830044
  },
  {
    "id": "45e08589-6095-4b29-a21f-ebd50e8f0f5e",
    "data": [
      {
        "text": "give me details for some posts",
        "userDefined": false
      }
    ],
    "isTemplate": false,
    "count": 0,
    "updated": 1527830044
  },
  {
    "id": "70ef2a32-b1ec-49fd-8c53-95a5eb40ad2c",
    "data": [
      {
        "text": "padon ke bare mai vistaar se",
        "userDefined": false
      }
    ],
    "isTemplate": false,
    "count": 0,
    "updated": 1527830044
  }
]