[
  {
    "id": "90381ce9-5927-49dc-9d3e-4988db886068",
    "data": [
      {
        "text": "dholpur district",
        "userDefined": false
      }
    ],
    "isTemplate": false,
    "count": 0,
    "updated": 1525596683
  },
  {
    "id": "8f208dfe-b773-4d43-91bb-57683b7a0b3d",
    "data": [
      {
        "text": "sir i am in dholpur",
        "userDefined": false
      }
    ],
    "isTemplate": false,
    "count": 0,
    "updated": 1525596683
  },
  {
    "id": "3e0b6bfb-1ffc-40a5-9536-e445cf7a2eee",
    "data": [
      {
        "text": "district dholpur",
        "userDefined": false
      }
    ],
    "isTemplate": false,
    "count": 0,
    "updated": 1525596683
  },
  {
    "id": "45b2f551-64f9-4af2-9ebb-3af27bde86ed",
    "data": [
      {
        "text": "dholpur",
        "userDefined": false
      }
    ],
    "isTemplate": false,
    "count": 0,
    "updated": 1525596683
  }
]