[
  {
    "id": "0e41c736-faaf-44e4-9516-3f0a3eb6f307",
    "data": [
      {
        "text": "i am in dungarpur",
        "userDefined": false
      }
    ],
    "isTemplate": false,
    "count": 0,
    "updated": 1525612326
  },
  {
    "id": "cc0d9b35-b3dd-4eaf-8962-8c02edf2edce",
    "data": [
      {
        "text": "district dungarpur",
        "userDefined": false
      }
    ],
    "isTemplate": false,
    "count": 0,
    "updated": 1525612326
  },
  {
    "id": "7455ce35-de2a-4922-9f84-11edec4375b6",
    "data": [
      {
        "text": "dungarpur",
        "userDefined": false
      }
    ],
    "isTemplate": false,
    "count": 0,
    "updated": 1525612326
  },
  {
    "id": "ddea803f-fc94-4e5b-b97f-cc5eb3c05392",
    "data": [
      {
        "text": "dungarpur district",
        "userDefined": false
      }
    ],
    "isTemplate": false,
    "count": 0,
    "updated": 1525612326
  }
]