[
  {
    "id": "a256150b-abec-4eb0-a320-ca1d0ff3f52e",
    "data": [
      {
        "text": "ENGLISH",
        "userDefined": false
      }
    ],
    "isTemplate": false,
    "count": 1,
    "updated": 1523643209
  },
  {
    "id": "c0bc5b25-8ebe-497d-bf8f-81e95bbe195f",
    "data": [
      {
        "text": "I CHOOSE ENGLISH LANGUAGE",
        "userDefined": false
      }
    ],
    "isTemplate": false,
    "count": 0,
    "updated": 1523643209
  },
  {
    "id": "603c4454-e802-4aa0-bb5b-8090ff40a2dd",
    "data": [
      {
        "text": "CHANGE MY LANGUAGE TO ENGLISH",
        "userDefined": false
      }
    ],
    "isTemplate": false,
    "count": 0,
    "updated": 1523643209
  }
]