[
  {
    "id": "2af3d010-ba34-4ec0-b530-ac9ab1832c5d",
    "data": [
      {
        "text": "is there is any fees to apply for paper",
        "userDefined": false
      }
    ],
    "isTemplate": false,
    "count": 0,
    "updated": 1527828705
  },
  {
    "id": "6b840752-31e4-42c1-8914-783e3ae70a2f",
    "data": [
      {
        "text": "Fee",
        "userDefined": false
      }
    ],
    "isTemplate": false,
    "count": 0,
    "updated": 1527828705
  },
  {
    "id": "5b2dfb79-1dc7-47eb-b988-7a6efb354599",
    "data": [
      {
        "text": "paper ki fees",
        "userDefined": false
      }
    ],
    "isTemplate": false,
    "count": 0,
    "updated": 1527828705
  },
  {
    "id": "5f9941ed-69fa-4d6c-98f1-58cfe8f4452c",
    "data": [
      {
        "text": "fees",
        "userDefined": false
      }
    ],
    "isTemplate": false,
    "count": 0,
    "updated": 1527828705
  },
  {
    "id": "a186082f-1fe0-46a2-8bb5-e951bc98059b",
    "data": [
      {
        "text": "फीस",
        "userDefined": false
      }
    ],
    "isTemplate": false,
    "count": 0,
    "updated": 1527828705
  },
  {
    "id": "9a20245c-e82f-4ba5-9481-546b850417b0",
    "data": [
      {
        "text": "paper fees",
        "userDefined": false
      }
    ],
    "isTemplate": false,
    "count": 0,
    "updated": 1527828705
  }
]