[
  {
    "id": "7323dcfb-c919-48e8-8477-82558510fa66",
    "data": [
      {
        "text": "kya sc st ko bhi pariksha shulk jama karana hoga",
        "userDefined": false
      }
    ],
    "isTemplate": false,
    "count": 0,
    "updated": 1528105855
  },
  {
    "id": "fc89479d-95d8-47a6-8e7b-14b96a5d6810",
    "data": [
      {
        "text": "kya pariksha shulak sab ke liye hai",
        "userDefined": false
      }
    ],
    "isTemplate": false,
    "count": 0,
    "updated": 1528105855
  },
  {
    "id": "d6e5cb98-6799-474b-8b96-24f3a69090f7",
    "data": [
      {
        "text": "kya pariksha shulak sab ke liye hai ya kuch ke liye free hai",
        "userDefined": false
      }
    ],
    "isTemplate": false,
    "count": 0,
    "updated": 1528105855
  },
  {
    "id": "f5cb7a1e-81fe-459a-8064-e189522d0209",
    "data": [
      {
        "text": "kya sc st ke liye pariksha free hai",
        "userDefined": false
      }
    ],
    "isTemplate": false,
    "count": 0,
    "updated": 1528105855
  }
]