[
  {
    "id": "d47910c5-ab64-4881-8103-869f2c962d8d",
    "data": [
      {
        "text": "SC/ST",
        "userDefined": false
      }
    ],
    "isTemplate": false,
    "count": 0,
    "updated": 1527828854
  },
  {
    "id": "a61a85fc-59e8-4905-9a96-8491fedc2495",
    "data": [
      {
        "text": "Is there fees for genral candidates only",
        "userDefined": false
      }
    ],
    "isTemplate": false,
    "count": 1,
    "updated": 1527828854
  },
  {
    "id": "79be869b-3c7b-45b9-a085-d3a8de2a672b",
    "data": [
      {
        "text": "is there examination free for scst candidate",
        "userDefined": false
      }
    ],
    "isTemplate": false,
    "count": 0,
    "updated": 1527828854
  },
  {
    "id": "cee9ac78-1df9-4579-a000-c62900a1e66b",
    "data": [
      {
        "text": "Fees for SC/ST Candidate",
        "userDefined": false
      }
    ],
    "isTemplate": false,
    "count": 0,
    "updated": 1527828854
  },
  {
    "id": "e283b03f-3012-41b6-abf6-1b2e7234bbca",
    "data": [
      {
        "text": "examination fees for scst candidate",
        "userDefined": false
      }
    ],
    "isTemplate": false,
    "count": 0,
    "updated": 1527828854
  }
]