[
  {
    "id": "6845aec2-0baf-4e74-9494-9f1539af426c",
    "data": [
      {
        "text": "7989",
        "alias": "number",
        "meta": "@sys.number",
        "userDefined": false
      },
      {
        "text": " is my fir no",
        "userDefined": false
      }
    ],
    "isTemplate": false,
    "count": 0,
    "updated": 1532628507
  },
  {
    "id": "bba8cdb1-212e-4870-8d37-382f7be57f0a",
    "data": [
      {
        "text": "mohdya mera fir no ",
        "userDefined": false
      },
      {
        "text": "456",
        "alias": "number",
        "meta": "@sys.number",
        "userDefined": false
      }
    ],
    "isTemplate": false,
    "count": 0,
    "updated": 1532628507
  },
  {
    "id": "353373f2-0e39-4f11-8da6-8c62e986e190",
    "data": [
      {
        "text": "sir my fir number is ",
        "userDefined": false
      },
      {
        "text": "17 2018",
        "alias": "number",
        "meta": "@sys.number",
        "userDefined": false
      }
    ],
    "isTemplate": false,
    "count": 0,
    "updated": 1532628507
  }
]