[
  {
    "id": "384dd189-64e6-4bf0-8bc4-4e0c591cf55d",
    "data": [
      {
        "text": "E-FIR",
        "userDefined": false
      }
    ],
    "isTemplate": false,
    "count": 0,
    "updated": 1527825952
  },
  {
    "id": "18a1c893-8e5f-4e00-bfe6-ac9b9a28dba8",
    "data": [
      {
        "text": "MY FIR STATUS",
        "userDefined": false
      }
    ],
    "isTemplate": false,
    "count": 0,
    "updated": 1527825952
  },
  {
    "id": "b0f1b93a-c9f7-4f7f-a98c-f1bbd2255e81",
    "data": [
      {
        "text": "WHAT IS E STATUS OF MY FIR",
        "userDefined": false
      }
    ],
    "isTemplate": false,
    "count": 0,
    "updated": 1527825952
  },
  {
    "id": "3a3755bd-d7e2-4831-b813-b8c0bac7f136",
    "data": [
      {
        "text": "ई प्राथमिकी",
        "userDefined": false
      }
    ],
    "isTemplate": false,
    "count": 0,
    "updated": 1527825952
  },
  {
    "id": "ade6fabf-ff0f-4dbf-b192-7d898cc8937d",
    "data": [
      {
        "text": "MY FIR",
        "userDefined": false
      }
    ],
    "isTemplate": false,
    "count": 0,
    "updated": 1525518672
  }
]