[
  {
    "id": "2e8285c4-c69b-4720-bac1-70e6abd46d0a",
    "data": [
      {
        "text": "Hanumangarh",
        "userDefined": false
      }
    ],
    "isTemplate": false,
    "count": 0,
    "updated": 1525604065
  },
  {
    "id": "3df34e59-b93e-4099-afbc-37e7f59c5d68",
    "data": [
      {
        "text": "Hanumangarh district",
        "userDefined": false
      }
    ],
    "isTemplate": false,
    "count": 0,
    "updated": 1525604065
  },
  {
    "id": "cb035221-0b44-4c92-a18f-a1850ec1337f",
    "data": [
      {
        "text": "district hanumangargh",
        "userDefined": false
      }
    ],
    "isTemplate": false,
    "count": 0,
    "updated": 1525604065
  }
]