[
  {
    "id": "371b51db-1d4c-400e-8e9b-b80dab663aad",
    "data": [
      {
        "text": "HINDI",
        "userDefined": false
      }
    ],
    "isTemplate": false,
    "count": 0,
    "updated": 1527825259
  },
  {
    "id": "d47a4aed-76c4-4988-9178-dad010738cc6",
    "data": [
      {
        "text": "हिंदी",
        "userDefined": false
      }
    ],
    "isTemplate": false,
    "count": 0,
    "updated": 1527825259
  },
  {
    "id": "174b6a69-a991-4e73-b7a8-c4163f60d992",
    "data": [
      {
        "text": "CHANGE MY LANGUAGE IN TO HINDI",
        "userDefined": false
      }
    ],
    "isTemplate": false,
    "count": 0,
    "updated": 1527825259
  },
  {
    "id": "8797352f-6609-4fdc-9abb-5c8cbd6d9679",
    "data": [
      {
        "text": "HINDI BHASHA",
        "userDefined": false
      }
    ],
    "isTemplate": false,
    "count": 0,
    "updated": 1527825259
  }
]