[
  {
    "id": "06881a52-a956-49ac-9053-92c25f11cdd1",
    "data": [
      {
        "text": "इतिहास शीटर रिपोर्ट",
        "userDefined": false
      }
    ],
    "isTemplate": false,
    "count": 0,
    "updated": 1527826123
  },
  {
    "id": "b510005f-c133-42d1-acd0-d60dda263162",
    "data": [
      {
        "text": "HISTORY",
        "userDefined": false
      }
    ],
    "isTemplate": false,
    "count": 0,
    "updated": 1527826123
  },
  {
    "id": "9c373862-1b82-435e-867a-214dc60e2809",
    "data": [
      {
        "text": "RAJASTHAN POLICE HISTORY",
        "userDefined": false
      }
    ],
    "isTemplate": false,
    "count": 0,
    "updated": 1527826123
  },
  {
    "id": "86a2c4ae-574f-496b-8078-b62dc9544813",
    "data": [
      {
        "text": "TELL ME HISTORY OF RAJASTHAN POLICE",
        "userDefined": false
      }
    ],
    "isTemplate": false,
    "count": 0,
    "updated": 1527826123
  }
]