[
  {
    "id": "471c3b00-c2d4-464f-ab52-060f30e20921",
    "data": [
      {
        "text": "apply for paper",
        "userDefined": false
      }
    ],
    "isTemplate": false,
    "count": 0,
    "updated": 1527829788
  },
  {
    "id": "140b50ea-ae3b-4ed8-aa7d-73a4c567a5e5",
    "data": [
      {
        "text": "pariksha ke liye awaden",
        "userDefined": false
      }
    ],
    "isTemplate": false,
    "count": 0,
    "updated": 1527829788
  },
  {
    "id": "ec20cffe-92de-487e-8570-e3a73c35a101",
    "data": [
      {
        "text": "how to apply for police paper",
        "userDefined": false
      }
    ],
    "isTemplate": false,
    "count": 0,
    "updated": 1527829788
  },
  {
    "id": "75e09078-db20-40a6-9d74-09eae52e2359",
    "data": [
      {
        "text": "परीक्षा के लिए आवेदन ?",
        "userDefined": false
      }
    ],
    "isTemplate": false,
    "count": 0,
    "updated": 1527829788
  },
  {
    "id": "65a25a65-3bfa-4cc9-a42d-bae795435e3a",
    "data": [
      {
        "text": "how to apply for paper",
        "userDefined": false
      }
    ],
    "isTemplate": false,
    "count": 0,
    "updated": 1527829788
  }
]