[
  {
    "id": "8a0ee33a-86fc-4474-b271-b7e54ac6afce",
    "data": [
      {
        "text": "how it will be conducted",
        "userDefined": false
      }
    ],
    "isTemplate": false,
    "count": 0,
    "updated": 1527829992
  },
  {
    "id": "d105d58a-60a8-4824-8fc7-e6e06443b566",
    "data": [
      {
        "text": "how the paper will be conducted",
        "userDefined": false
      }
    ],
    "isTemplate": false,
    "count": 0,
    "updated": 1527829992
  },
  {
    "id": "2f81f33d-9326-4dd4-90d0-7e96d26df403",
    "data": [
      {
        "text": "परीक्षा का संचालन",
        "userDefined": false
      }
    ],
    "isTemplate": false,
    "count": 0,
    "updated": 1527829992
  },
  {
    "id": "29ae8835-ad31-4b2b-b362-5d96a7f146b3",
    "data": [
      {
        "text": "how will be the paper conducted",
        "userDefined": false
      }
    ],
    "isTemplate": false,
    "count": 0,
    "updated": 1527829992
  },
  {
    "id": "f4998999-ca19-4e34-8257-0e135ec9cee6",
    "data": [
      {
        "text": "pariksha ka sanchalan",
        "userDefined": false
      }
    ],
    "isTemplate": false,
    "count": 0,
    "updated": 1527829992
  },
  {
    "id": "7baa5c6d-562a-4cf8-9003-f88bfbced0af",
    "data": [
      {
        "text": "sanchalan",
        "userDefined": false
      }
    ],
    "isTemplate": false,
    "count": 0,
    "updated": 1527829992
  },
  {
    "id": "f4442ca0-aa2b-48ba-8252-1ca8856f892c",
    "data": [
      {
        "text": "how the paper will conduct",
        "userDefined": false
      }
    ],
    "isTemplate": false,
    "count": 0,
    "updated": 1527829992
  }
]