[
  {
    "id": "c78c3145-47a5-4be3-b2d2-8cac1e22c2f3",
    "data": [
      {
        "text": "HISTORY SHEETER",
        "userDefined": false
      }
    ],
    "isTemplate": false,
    "count": 0,
    "updated": 1523686453
  },
  {
    "id": "c639637d-c0eb-48b2-be59-d69b4fdc4cc4",
    "data": [
      {
        "text": "HS",
        "userDefined": false
      }
    ],
    "isTemplate": false,
    "count": 0,
    "updated": 1523686453
  },
  {
    "id": "0c274887-ca22-483f-9098-8758c175542e",
    "data": [
      {
        "text": "HS REPORT",
        "userDefined": false
      }
    ],
    "isTemplate": false,
    "count": 0,
    "updated": 1523686453
  },
  {
    "id": "e3490352-078a-4164-9641-98edc9deb905",
    "data": [
      {
        "text": "HISTORY SHEETER REPORT",
        "userDefined": false
      }
    ],
    "isTemplate": false,
    "count": 0,
    "updated": 1523686453
  }
]