[
  {
    "id": "cb24a02c-7f02-495b-9a61-ee3c39ec333d",
    "data": [
      {
        "text": "i want to take information from you",
        "userDefined": false
      }
    ],
    "isTemplate": false,
    "count": 0,
    "updated": 1525520364
  },
  {
    "id": "b1a394c2-64fd-466c-bc12-6a7e7a2301f5",
    "data": [
      {
        "text": "information",
        "userDefined": false
      }
    ],
    "isTemplate": false,
    "count": 0,
    "updated": 1525520364
  },
  {
    "id": "662761bd-f766-489f-9650-132b77949f13",
    "data": [
      {
        "text": "information from you",
        "userDefined": false
      }
    ],
    "isTemplate": false,
    "count": 0,
    "updated": 1525520364
  }
]