[
  {
    "id": "de2cb24f-bff7-433f-b803-c43b211bf318",
    "data": [
      {
        "text": "district jaipur",
        "userDefined": false
      }
    ],
    "isTemplate": false,
    "count": 0,
    "updated": 1525605948
  },
  {
    "id": "9b42c4cf-8fbd-4a57-8409-31ab8d2a0d8d",
    "data": [
      {
        "text": "jaipur district",
        "userDefined": false
      }
    ],
    "isTemplate": false,
    "count": 0,
    "updated": 1525605948
  },
  {
    "id": "c3c6876f-c62c-4192-9c1c-292902201d11",
    "data": [
      {
        "text": "jaipur",
        "userDefined": false
      }
    ],
    "isTemplate": false,
    "count": 0,
    "updated": 1525605948
  },
  {
    "id": "63102b88-56ea-4496-bc6e-7ff2a58f7834",
    "data": [
      {
        "text": "i am in jaipur",
        "userDefined": false
      }
    ],
    "isTemplate": false,
    "count": 0,
    "updated": 1525605948
  }
]