[
  {
    "id": "4ac9dda4-77f9-4d54-862b-25a7b2e6af15",
    "data": [
      {
        "text": "jaisalmer",
        "userDefined": false
      }
    ],
    "isTemplate": false,
    "count": 0,
    "updated": 1525609007
  },
  {
    "id": "15abd65f-644e-44bc-aa0b-d63b72bc2592",
    "data": [
      {
        "text": "i am in jaisalmer",
        "userDefined": false
      }
    ],
    "isTemplate": false,
    "count": 0,
    "updated": 1525609007
  },
  {
    "id": "19e4196f-fed9-49aa-8809-ab37e2ded19a",
    "data": [
      {
        "text": "jaisalmer district",
        "userDefined": false
      }
    ],
    "isTemplate": false,
    "count": 0,
    "updated": 1525609007
  },
  {
    "id": "0a9a2ae0-138a-4b6d-bfb1-159fcb14c479",
    "data": [
      {
        "text": "ditrict jaipur",
        "userDefined": false
      }
    ],
    "isTemplate": false,
    "count": 0,
    "updated": 1525609007
  }
]