[
  {
    "id": "214eb5c6-e74f-4c36-b849-122604faa7c8",
    "data": [
      {
        "text": "jalore district",
        "userDefined": false
      }
    ],
    "isTemplate": false,
    "count": 0,
    "updated": 1525608341
  },
  {
    "id": "6f4bdd40-54f0-40b6-a53a-aa252a5b5fea",
    "data": [
      {
        "text": "jalore",
        "userDefined": false
      }
    ],
    "isTemplate": false,
    "count": 0,
    "updated": 1525608341
  },
  {
    "id": "0d978762-2269-4a4a-a572-daa8d1759584",
    "data": [
      {
        "text": "i am in jalore",
        "userDefined": false
      }
    ],
    "isTemplate": false,
    "count": 0,
    "updated": 1525608341
  },
  {
    "id": "b7e77f31-c730-49d2-b153-a189483227cf",
    "data": [
      {
        "text": "district jalore",
        "userDefined": false
      }
    ],
    "isTemplate": false,
    "count": 0,
    "updated": 1525608341
  }
]