[
  {
    "id": "78864483-a8a6-49bb-8d89-7ca74392e497",
    "data": [
      {
        "text": "district jhalawar",
        "userDefined": false
      }
    ],
    "isTemplate": false,
    "count": 0,
    "updated": 1525609936
  },
  {
    "id": "f50ec156-4ec8-4997-955e-7b183fec28d8",
    "data": [
      {
        "text": "i am in jhalawar",
        "userDefined": false
      }
    ],
    "isTemplate": false,
    "count": 0,
    "updated": 1525609936
  },
  {
    "id": "47808551-b254-42fc-9401-10ca3a95e966",
    "data": [
      {
        "text": "jhalawar",
        "userDefined": false
      }
    ],
    "isTemplate": false,
    "count": 0,
    "updated": 1525609936
  },
  {
    "id": "3141cff8-469a-4b9e-a7b6-231b8398ebd4",
    "data": [
      {
        "text": "jhalawar district",
        "userDefined": false
      }
    ],
    "isTemplate": false,
    "count": 0,
    "updated": 1525609936
  }
]