[
  {
    "id": "f87e2678-96dc-418f-8252-f98fc1981d26",
    "data": [
      {
        "text": "district Jhunjhunu",
        "userDefined": false
      }
    ],
    "isTemplate": false,
    "count": 0,
    "updated": 1525606628
  },
  {
    "id": "b38fa27f-1ded-4808-879a-210ee492d366",
    "data": [
      {
        "text": "Jhunjhunu district",
        "userDefined": false
      }
    ],
    "isTemplate": false,
    "count": 0,
    "updated": 1525606628
  },
  {
    "id": "cdc42e0b-8ebc-4d19-b990-925d66ecc781",
    "data": [
      {
        "text": "i am in Jhunjhunu",
        "userDefined": false
      }
    ],
    "isTemplate": false,
    "count": 0,
    "updated": 1525606628
  },
  {
    "id": "a566d236-32a7-44a5-a297-e655ff7cf0e6",
    "data": [
      {
        "text": "Jhunjhunu",
        "userDefined": false
      }
    ],
    "isTemplate": false,
    "count": 0,
    "updated": 1525606628
  }
]