[
  {
    "id": "9d2736fa-d13f-4a30-9ed9-76a5a234bbbf",
    "data": [
      {
        "text": "i am in jodhpur",
        "userDefined": false
      }
    ],
    "isTemplate": false,
    "count": 0,
    "updated": 1525606921
  },
  {
    "id": "33935359-9c2c-4468-b9b5-23657a88b606",
    "data": [
      {
        "text": "jodhpur district",
        "userDefined": false
      }
    ],
    "isTemplate": false,
    "count": 0,
    "updated": 1525606921
  },
  {
    "id": "0a9b06a8-a7ce-4d37-8dcf-513118ef2974",
    "data": [
      {
        "text": "jodhpur",
        "userDefined": false
      }
    ],
    "isTemplate": false,
    "count": 0,
    "updated": 1525606921
  }
]