[
  {
    "id": "d7576a2c-be72-4fdc-8d4c-327915ce0b5f",
    "data": [
      {
        "text": "kaurauli",
        "userDefined": false
      }
    ],
    "isTemplate": false,
    "count": 0,
    "updated": 1525603500
  },
  {
    "id": "3e276f76-d850-4b6f-b23b-2f5b2a9a68dd",
    "data": [
      {
        "text": "i am in kaurauli",
        "userDefined": false
      }
    ],
    "isTemplate": false,
    "count": 0,
    "updated": 1525603500
  },
  {
    "id": "dc2f81ac-d15d-4a27-9c54-5c6699120623",
    "data": [
      {
        "text": "kaurauli district",
        "userDefined": false
      }
    ],
    "isTemplate": false,
    "count": 0,
    "updated": 1525603500
  },
  {
    "id": "81ab3ec5-743c-4888-9ee8-e328736991e4",
    "data": [
      {
        "text": "district kaurauli",
        "userDefined": false
      }
    ],
    "isTemplate": false,
    "count": 0,
    "updated": 1525603500
  }
]