[
  {
    "id": "1d9e0f06-e18d-4b42-9328-25c98d91ef12",
    "data": [
      {
        "text": "district kota",
        "userDefined": false
      }
    ],
    "isTemplate": false,
    "count": 0,
    "updated": 1525609713
  },
  {
    "id": "ec26293f-d788-4a9c-a863-a998732261f5",
    "data": [
      {
        "text": "kota district",
        "userDefined": false
      }
    ],
    "isTemplate": false,
    "count": 0,
    "updated": 1525609713
  },
  {
    "id": "3eef98bb-59ec-4979-953f-a7147308cc55",
    "data": [
      {
        "text": "kota",
        "userDefined": false
      }
    ],
    "isTemplate": false,
    "count": 0,
    "updated": 1525609713
  },
  {
    "id": "961dad12-f8fc-4a66-a20d-82daa8cc29c6",
    "data": [
      {
        "text": "i am in kota",
        "userDefined": false
      }
    ],
    "isTemplate": false,
    "count": 0,
    "updated": 1525609713
  }
]