[
  {
    "id": "8fa9ef67-be1c-484d-a1b8-5aa9e1780791",
    "data": [
      {
        "text": "pariksha ke awadean ki akhri tithi",
        "userDefined": false
      }
    ],
    "isTemplate": false,
    "count": 0,
    "updated": 1528194554
  },
  {
    "id": "854a2567-4369-47fe-b29f-80768cfbb045",
    "data": [
      {
        "text": "akhri tithi parkisha ke awadean ke liye",
        "userDefined": false
      }
    ],
    "isTemplate": false,
    "count": 0,
    "updated": 1528194554
  },
  {
    "id": "1d2d8b7e-3641-43d0-a896-a05b135cda94",
    "data": [
      {
        "text": "pariksha ke form bharne ki akhri tithi kya hai",
        "userDefined": false
      }
    ],
    "isTemplate": false,
    "count": 0,
    "updated": 1528194554
  },
  {
    "id": "73cfae35-ee92-4f68-9ae2-654c16724473",
    "data": [
      {
        "text": "what is last date of filling form",
        "userDefined": false
      }
    ],
    "isTemplate": false,
    "count": 0,
    "updated": 1528194554
  }
]