[
  {
    "id": "7a32f5ba-b4e6-4063-be40-29c46b75891a",
    "data": [
      {
        "text": "someone misbehaving with a girl",
        "userDefined": false
      }
    ],
    "isTemplate": false,
    "count": 0,
    "updated": 1532627671
  },
  {
    "id": "51596188-bf32-4929-bb0b-7d19253d1119",
    "data": [
      {
        "text": "sir mere yahan par kisi ke saath anaya ho raha hai",
        "userDefined": false
      }
    ],
    "isTemplate": false,
    "count": 0,
    "updated": 1532627671
  }
]