[
  {
    "id": "749a663c-a775-4a57-8321-453b2515d970",
    "data": [
      {
        "text": "MISSION OF RAJASTHAN POLICE",
        "userDefined": false
      }
    ],
    "isTemplate": false,
    "count": 0,
    "updated": 1523684709
  },
  {
    "id": "635fb982-ce14-422e-83d6-cb13601f00b7",
    "data": [
      {
        "text": "MISSION",
        "meta": "@sys.ignore",
        "userDefined": false
      }
    ],
    "isTemplate": false,
    "count": 0,
    "updated": 1523684709
  },
  {
    "id": "5f9f8232-335a-4496-8c89-e3527cc45765",
    "data": [
      {
        "text": "RAJASTHAN POLICE MISSION",
        "userDefined": false
      }
    ],
    "isTemplate": false,
    "count": 0,
    "updated": 1523684709
  }
]