[
  {
    "id": "d3792ed8-4ac7-4f5d-959d-adc308f90b0d",
    "data": [
      {
        "text": "MONTHLY CRIME REPORT",
        "userDefined": false
      }
    ],
    "isTemplate": false,
    "count": 0,
    "updated": 1527826033
  },
  {
    "id": "f784cf0a-58a8-4595-8759-f47c9a25f1eb",
    "data": [
      {
        "text": "MONTHLY REPORT",
        "userDefined": false
      }
    ],
    "isTemplate": false,
    "count": 0,
    "updated": 1523686244
  },
  {
    "id": "cb160096-8a22-4ac7-9324-871a8640128f",
    "data": [
      {
        "text": "CRIME REPORT",
        "userDefined": false
      }
    ],
    "isTemplate": false,
    "count": 0,
    "updated": 1527826033
  },
  {
    "id": "0bef0488-5f3b-4a90-9987-8aba99a29f6d",
    "data": [
      {
        "text": "मासिक अपराध रिपोर्ट",
        "userDefined": false
      }
    ],
    "isTemplate": false,
    "count": 0,
    "updated": 1527826033
  }
]