[
  {
    "id": "c2f4da0b-6bf1-4f7b-9fc6-39559e5b946f",
    "data": [
      {
        "text": "nagaur district",
        "userDefined": false
      }
    ],
    "isTemplate": false,
    "count": 0,
    "updated": 1525596203
  },
  {
    "id": "a81c44de-fa5f-4942-9949-c7c5dfa0cd69",
    "data": [
      {
        "text": "sir i am in nagaur district",
        "userDefined": false
      }
    ],
    "isTemplate": false,
    "count": 0,
    "updated": 1525596203
  },
  {
    "id": "5b95e8a0-da53-468f-a140-c3966256d989",
    "data": [
      {
        "text": "district nagaur",
        "userDefined": false
      }
    ],
    "isTemplate": false,
    "count": 0,
    "updated": 1525596203
  },
  {
    "id": "81ce7b66-9270-42bf-9f11-99f641112cc5",
    "data": [
      {
        "text": "nagaur",
        "userDefined": false
      }
    ],
    "isTemplate": false,
    "count": 0,
    "updated": 1525596203
  }
]