[
  {
    "id": "9a302d2f-150d-42e3-9cf2-09376e8982bf",
    "data": [
      {
        "text": "aman",
        "alias": "given-name",
        "meta": "@sys.given-name",
        "userDefined": true
      },
      {
        "text": " is my name",
        "userDefined": false
      }
    ],
    "isTemplate": false,
    "count": 0,
    "updated": 1525457632
  },
  {
    "id": "6019fd4f-764e-4590-8473-5d9626b2183f",
    "data": [
      {
        "text": "aman",
        "alias": "given-name",
        "meta": "@sys.given-name",
        "userDefined": true
      }
    ],
    "isTemplate": false,
    "count": 0,
    "updated": 1525457632
  },
  {
    "id": "93651082-a14c-4756-810d-c7efa7697402",
    "data": [
      {
        "text": "MY NAME IS ",
        "userDefined": false
      },
      {
        "text": "AMAN",
        "alias": "given-name",
        "meta": "@sys.given-name",
        "userDefined": true
      }
    ],
    "isTemplate": false,
    "count": 0,
    "updated": 1525457632
  }
]