[
  {
    "id": "a5554fc9-ca8f-4cdf-93cb-1e765030a85f",
    "data": [
      {
        "text": "police station",
        "meta": "@sys.ignore",
        "userDefined": true
      }
    ],
    "isTemplate": false,
    "count": 0,
    "updated": 1525597641
  },
  {
    "id": "67d56dc4-ccc1-4820-83f6-2026a1b9871f",
    "data": [
      {
        "text": "where is nearest police station",
        "userDefined": false
      }
    ],
    "isTemplate": false,
    "count": 0,
    "updated": 1525597641
  },
  {
    "id": "01a5d4d1-4111-4124-9260-82b6dc5fa45a",
    "data": [
      {
        "text": "police station near me",
        "userDefined": false
      }
    ],
    "isTemplate": false,
    "count": 0,
    "updated": 1525597641
  }
]