[
  {
    "id": "a1cdd120-ab56-4c35-8b62-c125ef56b620",
    "data": [
      {
        "text": "i am in trouble",
        "userDefined": false
      }
    ],
    "isTemplate": false,
    "count": 0,
    "updated": 1527826435
  },
  {
    "id": "f7f8bc00-0656-4085-864a-cd4090e369e4",
    "data": [
      {
        "text": "madad chaiye",
        "userDefined": false
      }
    ],
    "isTemplate": false,
    "count": 0,
    "updated": 1527826435
  },
  {
    "id": "9850970e-680f-47a8-b049-eac9bab8baa3",
    "data": [
      {
        "text": "i am not safe",
        "userDefined": false
      }
    ],
    "isTemplate": false,
    "count": 0,
    "updated": 1525582418
  },
  {
    "id": "55561f76-38bf-425e-8477-a28acc1db09c",
    "data": [
      {
        "text": "i think i am not safe",
        "userDefined": false
      }
    ],
    "isTemplate": false,
    "count": 0,
    "updated": 1527826435
  },
  {
    "id": "9b76110a-a911-4e3f-967e-4ee9975460aa",
    "data": [
      {
        "text": "madad",
        "userDefined": false
      }
    ],
    "isTemplate": false,
    "count": 0,
    "updated": 1527826435
  },
  {
    "id": "44a42b1d-c05f-4729-92a1-594da78d8960",
    "data": [
      {
        "text": "जिला संपर्क संख्या",
        "userDefined": false
      }
    ],
    "isTemplate": false,
    "count": 0,
    "updated": 1527826435
  },
  {
    "id": "5c2b16e5-911d-4157-81c7-6101cf4d41b7",
    "data": [
      {
        "text": "merko madad chaye",
        "userDefined": false
      }
    ],
    "isTemplate": false,
    "count": 0,
    "updated": 1527826435
  },
  {
    "id": "685ad2dc-527f-45e0-ad55-9aa06389badd",
    "data": [
      {
        "text": "i need help",
        "userDefined": false
      }
    ],
    "isTemplate": false,
    "count": 0,
    "updated": 1527826435
  },
  {
    "id": "49a8a61e-aa13-4ea6-9f98-729020b2c70b",
    "data": [
      {
        "text": "this is not safe place for me",
        "userDefined": false
      }
    ],
    "isTemplate": false,
    "count": 0,
    "updated": 1527826435
  }
]