[
  {
    "id": "80c7517d-a82b-46ad-97df-63143398174d",
    "data": [
      {
        "text": "how many number of seats prresent in rajasthan police",
        "userDefined": false
      }
    ],
    "isTemplate": false,
    "count": 0,
    "updated": 1527829031
  },
  {
    "id": "f1779f3d-19dd-43eb-9a96-0b795a5f95c4",
    "data": [
      {
        "text": "No. of seats",
        "userDefined": false
      }
    ],
    "isTemplate": false,
    "count": 0,
    "updated": 1527829031
  },
  {
    "id": "2b67550c-9ac9-4507-bd88-2bb7f60f5c59",
    "data": [
      {
        "text": "सीटों की संख्या",
        "userDefined": false
      }
    ],
    "isTemplate": false,
    "count": 0,
    "updated": 1527829031
  },
  {
    "id": "44ff4d9f-56dc-41e1-89f1-2ea7f38f810d",
    "data": [
      {
        "text": "seaton ki sankhya",
        "userDefined": false
      }
    ],
    "isTemplate": false,
    "count": 0,
    "updated": 1527829031
  },
  {
    "id": "343a3059-eb9e-4544-8db8-d3ae0d1f701c",
    "data": [
      {
        "text": "sankhya seaton ki",
        "userDefined": false
      }
    ],
    "isTemplate": false,
    "count": 0,
    "updated": 1527829031
  }
]