[
  {
    "id": "bfb2fee2-9130-4a2d-829b-ff22e57c2c20",
    "data": [
      {
        "text": "district pali",
        "userDefined": false
      }
    ],
    "isTemplate": false,
    "count": 0,
    "updated": 1525609171
  },
  {
    "id": "5058e177-d64f-4136-a5c3-4bd5defa8cf3",
    "data": [
      {
        "text": "pali district",
        "userDefined": false
      }
    ],
    "isTemplate": false,
    "count": 0,
    "updated": 1525609171
  },
  {
    "id": "fb20a429-d12d-4526-b33b-8dd3075cd4ca",
    "data": [
      {
        "text": "pali",
        "userDefined": false
      }
    ],
    "isTemplate": false,
    "count": 0,
    "updated": 1525609171
  },
  {
    "id": "7e92c545-f40d-4068-b9c3-19d5f2187977",
    "data": [
      {
        "text": "i am in pali",
        "userDefined": false
      }
    ],
    "isTemplate": false,
    "count": 0,
    "updated": 1525609171
  }
]