[
  {
    "id": "07e11cf1-6e66-44c9-875c-93aad681b9e9",
    "data": [
      {
        "text": "परीक्षा की तारीख",
        "userDefined": false
      }
    ],
    "isTemplate": false,
    "count": 0,
    "updated": 1527827984
  },
  {
    "id": "e57d01ab-5519-4256-bdbf-041e125d2706",
    "data": [
      {
        "text": "recruitment  paper date",
        "userDefined": false
      }
    ],
    "isTemplate": false,
    "count": 0,
    "updated": 1527827984
  },
  {
    "id": "61220d26-235f-4ae2-8278-d7dac700ec84",
    "data": [
      {
        "text": "paper date of rajasthan police",
        "userDefined": false
      }
    ],
    "isTemplate": false,
    "count": 0,
    "updated": 1527827984
  },
  {
    "id": "291019cb-03f5-4dd1-a031-6c1f0a48fd8c",
    "data": [
      {
        "text": "pariksha ki tarikh",
        "userDefined": false
      }
    ],
    "isTemplate": false,
    "count": 0,
    "updated": 1527827984
  },
  {
    "id": "87822949-18c7-4f79-ac69-f09c46738c45",
    "data": [
      {
        "text": "rajasthan police paper date",
        "userDefined": false
      }
    ],
    "isTemplate": false,
    "count": 0,
    "updated": 1527827984
  },
  {
    "id": "a77e5409-8d6f-447b-a69f-788a28a8894f",
    "data": [
      {
        "text": "tarikh pariksha",
        "userDefined": false
      }
    ],
    "isTemplate": false,
    "count": 0,
    "updated": 1527827984
  },
  {
    "id": "ac5d00dc-6c42-4ae4-bbda-1e3b16eacaab",
    "data": [
      {
        "text": "paper date",
        "userDefined": false
      }
    ],
    "isTemplate": false,
    "count": 0,
    "updated": 1527827984
  }
]