[
  {
    "id": "ae40bb9f-6fcb-44aa-970e-89d990310eaa",
    "data": [
      {
        "text": "pratapgarh district",
        "userDefined": false
      }
    ],
    "isTemplate": false,
    "count": 0,
    "updated": 1525612624
  },
  {
    "id": "e48d1a2b-c395-4d68-9146-b0a3b7b5ad0c",
    "data": [
      {
        "text": "pratapgarh",
        "userDefined": false
      }
    ],
    "isTemplate": false,
    "count": 0,
    "updated": 1525612624
  },
  {
    "id": "d02d2b84-649f-434a-a4b6-bfdfd06c1533",
    "data": [
      {
        "text": "i am in pratapgarh",
        "userDefined": false
      }
    ],
    "isTemplate": false,
    "count": 0,
    "updated": 1525612624
  },
  {
    "id": "30472a97-8f95-48d6-aa95-7995d5d5fe9a",
    "data": [
      {
        "text": "district pratapgarh",
        "userDefined": false
      }
    ],
    "isTemplate": false,
    "count": 0,
    "updated": 1525612624
  }
]