[
  {
    "id": "a056a95f-5a8b-40df-8c32-8016f626e1f2",
    "data": [
      {
        "text": "TELL ME SOMETHING ABOUT RAC",
        "userDefined": false
      }
    ],
    "isTemplate": false,
    "count": 0,
    "updated": 1525520588
  },
  {
    "id": "470ab435-cb45-43f7-8970-c0deca538ad4",
    "data": [
      {
        "text": "GIVE ME INFORMATION ABOUT RAC",
        "userDefined": false
      }
    ],
    "isTemplate": false,
    "count": 0,
    "updated": 1525520588
  },
  {
    "id": "475442a5-e38e-4c8b-9275-416b1d5f1f7d",
    "data": [
      {
        "text": "RAC",
        "userDefined": false
      }
    ],
    "isTemplate": false,
    "count": 0,
    "updated": 1525520588
  },
  {
    "id": "480d2248-c36c-44da-9d27-bb90e15f327b",
    "data": [
      {
        "text": "WHAT IS RAC",
        "userDefined": false
      }
    ],
    "isTemplate": false,
    "count": 0,
    "updated": 1525520588
  }
]