[
  {
    "id": "6a7924a2-2385-4307-a914-b8d944e2a018",
    "data": [
      {
        "text": "RAJASTHAN POLICE KA ITHIAS",
        "userDefined": false
      }
    ],
    "isTemplate": false,
    "count": 1,
    "updated": 1523882856
  },
  {
    "id": "4630d20b-92f7-4534-be5f-cbc32926c522",
    "data": [
      {
        "text": "ITHIAS POLICE KA",
        "userDefined": false
      }
    ],
    "isTemplate": false,
    "count": 0,
    "updated": 1523882856
  },
  {
    "id": "dc544e1f-989f-466f-91e5-9db0272e5b72",
    "data": [
      {
        "text": "ITHIAS RAJASTHAN POLICE KA",
        "userDefined": false
      }
    ],
    "isTemplate": false,
    "count": 0,
    "updated": 1523882856
  },
  {
    "id": "db81a97e-b485-4345-a132-f36fa08abab4",
    "data": [
      {
        "text": "POLICE KA ITHIAS",
        "userDefined": false
      }
    ],
    "isTemplate": false,
    "count": 0,
    "updated": 1523882856
  }
]