[
  {
    "id": "ccdc3876-7679-4097-87ee-96a0562d7acb",
    "data": [
      {
        "text": "RAJASTHAN POLICE KA ",
        "userDefined": false
      },
      {
        "text": "MISSION",
        "alias": "geo-city",
        "meta": "@sys.geo-city",
        "userDefined": false
      }
    ],
    "isTemplate": false,
    "count": 0,
    "updated": 1523883029
  },
  {
    "id": "959ff3a0-e614-42bb-94db-e1f0d68ff7ba",
    "data": [
      {
        "text": "RAJASTHAN POLICE KAA ",
        "userDefined": false
      },
      {
        "text": "MISSION",
        "alias": "geo-city",
        "meta": "@sys.geo-city",
        "userDefined": false
      }
    ],
    "isTemplate": false,
    "count": 0,
    "updated": 1523883029
  },
  {
    "id": "4b5dc84b-e374-4c6a-822c-c85026efd99c",
    "data": [
      {
        "text": "MISSION RAJASTHAN POLICE KA",
        "userDefined": false
      }
    ],
    "isTemplate": false,
    "count": 0,
    "updated": 1523883029
  }
]