[
  {
    "id": "bc696a73-dc59-4c7f-8b5f-b3578ddc2988",
    "data": [
      {
        "text": "rajsamand district",
        "userDefined": false
      }
    ],
    "isTemplate": false,
    "count": 0,
    "updated": 1525611621
  },
  {
    "id": "8d08d76d-e655-4f2f-8a9b-12b61d9cdbe2",
    "data": [
      {
        "text": "i am in rajsamand",
        "userDefined": false
      }
    ],
    "isTemplate": false,
    "count": 0,
    "updated": 1525611621
  },
  {
    "id": "1d6e8613-b811-4054-b6cf-73241356eae1",
    "data": [
      {
        "text": "district rajsamand",
        "userDefined": false
      }
    ],
    "isTemplate": false,
    "count": 0,
    "updated": 1525611621
  },
  {
    "id": "f79e4b97-deb5-4c4e-acb5-8af46f4949de",
    "data": [
      {
        "text": "rajsamand",
        "userDefined": false
      }
    ],
    "isTemplate": false,
    "count": 0,
    "updated": 1525611621
  }
]