[
  {
    "id": "d58c8e66-9141-476b-8b9f-1fcbcec251b7",
    "data": [
      {
        "text": "police mai bharti kaise",
        "userDefined": false
      }
    ],
    "isTemplate": false,
    "count": 0,
    "updated": 1528107085
  },
  {
    "id": "9c8ae5b9-75c9-4489-abba-a7c43cd8f477",
    "data": [
      {
        "text": "bharti kaise hoti hai",
        "userDefined": false
      }
    ],
    "isTemplate": false,
    "count": 0,
    "updated": 1528107085
  },
  {
    "id": "afafc123-fc9a-4d05-a636-ac48e473ff0f",
    "data": [
      {
        "text": "how to join police",
        "userDefined": false
      }
    ],
    "isTemplate": false,
    "count": 1,
    "updated": 1528107085
  },
  {
    "id": "60a0881a-0019-4116-a257-22c917e0b5d5",
    "data": [
      {
        "text": "पुलिस में भर्ती",
        "userDefined": false
      }
    ],
    "isTemplate": false,
    "count": 0,
    "updated": 1528107085
  },
  {
    "id": "f5427b07-af53-492f-9654-ceaa2013f2c6",
    "data": [
      {
        "text": "Recruitment",
        "userDefined": false
      }
    ],
    "isTemplate": false,
    "count": 0,
    "updated": 1528107085
  },
  {
    "id": "aa2b7e7e-c65c-499d-b9c6-283ff7e326e8",
    "data": [
      {
        "text": "how to join force",
        "userDefined": false
      }
    ],
    "isTemplate": false,
    "count": 0,
    "updated": 1527827205
  },
  {
    "id": "5aa0f301-6708-4a3d-bd67-c1ee62b54d1a",
    "data": [
      {
        "text": "recruitment IN POLICE",
        "userDefined": false
      }
    ],
    "isTemplate": false,
    "count": 0,
    "updated": 1528107085
  }
]