[
  {
    "id": "607aadd8-1638-4427-97b0-6673b177e8d9",
    "data": [
      {
        "text": "HOW TO BECOME SI IN RAJASTHAN POLICE",
        "userDefined": false
      }
    ],
    "isTemplate": false,
    "count": 0,
    "updated": 1527830119
  },
  {
    "id": "eaa32b9e-9f1f-422d-b6ec-385b1ae984b0",
    "data": [
      {
        "text": "सहायक निरीक्षक",
        "userDefined": false
      }
    ],
    "isTemplate": false,
    "count": 0,
    "updated": 1527830119
  },
  {
    "id": "2f20f16c-cb68-4acd-ab97-c647f2db1a84",
    "data": [
      {
        "text": "SUB INSPECTOR IN RAJASTHAN POLICE",
        "userDefined": false
      }
    ],
    "isTemplate": false,
    "count": 0,
    "updated": 1527830119
  },
  {
    "id": "3dc8ca80-e390-447c-84a2-8a01407ac2dc",
    "data": [
      {
        "text": "SUBINSPECTOR",
        "userDefined": false
      }
    ],
    "isTemplate": false,
    "count": 0,
    "updated": 1527830119
  },
  {
    "id": "c3dd4a66-55cc-4194-9596-682c7e96dff8",
    "data": [
      {
        "text": "HOW TO BECOME SUBINSPECTOR IN RAJASTHAN POLICE",
        "userDefined": false
      }
    ],
    "isTemplate": false,
    "count": 0,
    "updated": 1527830119
  },
  {
    "id": "35c601f2-d388-409b-9aec-f2aae7491777",
    "data": [
      {
        "text": "Sub-Inspector",
        "userDefined": false
      }
    ],
    "isTemplate": false,
    "count": 0,
    "updated": 1527830119
  },
  {
    "id": "de6f4e34-edf1-4a4e-8bb3-adf22e4bf0d3",
    "data": [
      {
        "text": "SI IN RAJASTHAN POLICE",
        "userDefined": false
      }
    ],
    "isTemplate": false,
    "count": 0,
    "updated": 1523683924
  }
]