[
  {
    "id": "6c0fd9c6-7404-4a9c-9379-eee3546e0403",
    "data": [
      {
        "text": "sikar",
        "userDefined": false
      }
    ],
    "isTemplate": false,
    "count": 0,
    "updated": 1525606501
  },
  {
    "id": "48586308-474b-4eed-a674-01d8a85d75b9",
    "data": [
      {
        "text": "i am in sikar",
        "userDefined": false
      }
    ],
    "isTemplate": false,
    "count": 0,
    "updated": 1525606501
  },
  {
    "id": "abf9de04-81e2-479b-bcac-70fdf811dd50",
    "data": [
      {
        "text": "district sikar",
        "userDefined": false
      }
    ],
    "isTemplate": false,
    "count": 0,
    "updated": 1525606501
  },
  {
    "id": "48141211-41a0-4fa2-9f83-ec027866a85e",
    "data": [
      {
        "text": "sikar district",
        "userDefined": false
      }
    ],
    "isTemplate": false,
    "count": 0,
    "updated": 1525606501
  },
  {
    "id": "17d0ebb5-41b3-46c7-becd-480018d96b07",
    "data": [
      {
        "text": "i am in sikat",
        "userDefined": false
      }
    ],
    "isTemplate": false,
    "count": 0,
    "updated": 1525606501
  },
  {
    "id": "48948938-8e95-4631-97a3-4e0ed554f8ca",
    "data": [
      {
        "text": "i am in  sikar",
        "userDefined": false
      }
    ],
    "isTemplate": false,
    "count": 0,
    "updated": 1525606501
  }
]