[
  {
    "id": "d9e2b64e-018a-4f8c-a7b3-8d04a4ee7e87",
    "data": [
      {
        "text": "sirohi district",
        "userDefined": false
      }
    ],
    "isTemplate": false,
    "count": 0,
    "updated": 1525609469
  },
  {
    "id": "cad09529-0028-4985-95bc-edb78985750d",
    "data": [
      {
        "text": "district sirohi",
        "userDefined": false
      }
    ],
    "isTemplate": false,
    "count": 0,
    "updated": 1525609469
  },
  {
    "id": "2c67939a-3116-432b-ad5a-65d79e50c9ab",
    "data": [
      {
        "text": "i am in sirohi",
        "userDefined": false
      }
    ],
    "isTemplate": false,
    "count": 0,
    "updated": 1525609469
  },
  {
    "id": "66da745b-00bb-4c5c-8ab2-136ba76af039",
    "data": [
      {
        "text": "sirohi",
        "userDefined": false
      }
    ],
    "isTemplate": false,
    "count": 0,
    "updated": 1525609469
  }
]