[
  {
    "id": "1e6d05b0-dc37-4711-b272-bad6d7d81f40",
    "data": [
      {
        "text": "Sri Ganganagar district",
        "userDefined": false
      }
    ],
    "isTemplate": false,
    "count": 0,
    "updated": 1525603913
  },
  {
    "id": "ea831a49-079f-447c-ac90-2f862335e174",
    "data": [
      {
        "text": "Sri Ganganagar",
        "userDefined": false
      }
    ],
    "isTemplate": false,
    "count": 0,
    "updated": 1525603913
  },
  {
    "id": "3894798f-ca8c-47bc-aa12-14a50a9f7e23",
    "data": [
      {
        "text": "i am in Sri Ganganagar",
        "userDefined": false
      }
    ],
    "isTemplate": false,
    "count": 0,
    "updated": 1525603913
  }
]